{
  "citeseer": {
    "1": {
      "full": {
        "delta": 1,
        "mae": [
          0.002086702291853726,
          1.2605413095387884e-05
        ]
      },
      "prior": [
        0.0020901817207535107,
        1.0585538656612729e-05
      ],
      "evidence": [
        0.32391697267691294,
        8.017985727961137e-05
      ]
    },
    "2": {
      "full": {
        "delta": 1,
        "mae": [
          0.0020218210062012076,
          5.938395399319727e-06
        ]
      },
      "prior": [
        0.002020862038868169,
        7.613084052403342e-06
      ],
      "evidence": [
        0.1328851153453191,
        0.00011845870785694607
      ]
    },
    "3": {
      "full": {
        "delta": 0.1,
        "mae": [
          0.0014473573110687235,
          1.3134454599198176e-05
        ]
      },
      "prior": [
        0.0019955760023246207,
        5.481393832341867e-06
      ],
      "evidence": [
        0.0496414119998614,
        5.468942805140241e-05
      ]
    },
    "4": {
      "full": {
        "delta": 0.1,
        "mae": [
          0.0007204787747468799,
          7.363460059702854e-06
        ]
      },
      "prior": [
        0.001983360736630857,
        3.4563568566232645e-06
      ],
      "evidence": [
        0.01830935583760341,
        4.346593919181155e-05
      ]
    },
    "5": {
      "full": {
        "delta": 0.1,
        "mae": [
          0.000235706723954839,
          4.0402400115507555e-06
        ]
      },
      "prior": [
        0.001975664612837136,
        3.0341547670392215e-06
      ],
      "evidence": [
        0.006734915341561039,
        2.5206741790370166e-05
      ]
    },
    "6": {
      "full": {
        "delta": 0.1,
        "mae": [
          5.765776816891351e-05,
          2.302247149163681e-06
        ]
      },
      "prior": [
        0.0019704244409998258,
        2.9823755755678027e-06
      ],
      "evidence": [
        0.002478609645428757,
        1.439416380544188e-05
      ]
    },
    "7": {
      "full": {
        "delta": 0.1,
        "mae": [
          1.4337926040752791e-05,
          1.1456387560923368e-06
        ]
      },
      "prior": [
        0.001966420173024138,
        2.4177351696914234e-06
      ],
      "evidence": [
        0.0009104271147710581,
        6.145559567141333e-06
      ]
    },
    "8": {
      "full": {
        "delta": 0.1,
        "mae": [
          4.2334460355656725e-06,
          5.746702070754936e-07
        ]
      },
      "prior": [
        0.0019640848971903325,
        2.115139995183573e-06
      ],
      "evidence": [
        0.00033705572714097797,
        6.727361862777643e-06
      ]
    }
  }
}