{
  "soft": {
    "lastfm": {
      "graphsage": {
        "1": {
          "0.1": [
            0.6941937740468695,
            0.02924873251435633
          ],
          "0.2": [
            0.7011717383700593,
            0.016277219881059058
          ],
          "0.3": [
            0.6887548093739068,
            0.031153341815648113
          ],
          "0.4": [
            0.6893144456103533,
            0.02815129353146993
          ],
          "0.5": [
            0.6902413431269675,
            0.025879252512637715
          ],
          "0.6": [
            0.6819517313746065,
            0.0491482348690427
          ],
          "0.7": [
            0.6997201818817769,
            0.016723559016616367
          ],
          "0.8": [
            0.7045645330535153,
            0.017973864831892263
          ],
          "0.9": [
            0.7028856243441762,
            0.015947762956251593
          ]
        },
        "2": {
          "0.1": [
            0.7027806925498428,
            0.023601782528418856
          ],
          "0.2": [
            0.6983210912906611,
            0.028074566449505196
          ],
          "0.3": [
            0.6945785239594264,
            0.021218432348986252
          ],
          "0.4": [
            0.6806051066806575,
            0.05357650738617984
          ],
          "0.5": [
            0.6933892969569779,
            0.0271759842253254
          ],
          "0.6": [
            0.6694998251136762,
            0.06072640456895925
          ],
          "0.7": [
            0.6938090241343128,
            0.028062667371182834
          ],
          "0.8": [
            0.7005246589716683,
            0.021524407404325024
          ],
          "0.9": [
            0.6931094788387547,
            0.03142730110709265
          ]
        },
        "3": {
          "0.1": [
            0.7222105631339628,
            0.03626825288364388
          ],
          "0.2": [
            0.7012067156348374,
            0.06411792731461737
          ],
          "0.3": [
            0.7012242042672262,
            0.05471662912424063
          ],
          "0.4": [
            0.6957327736970969,
            0.03383323177772436
          ],
          "0.5": [
            0.6960125918153199,
            0.030823465278475005
          ],
          "0.6": [
            0.6933543196922003,
            0.02801231286229593
          ],
          "0.7": [
            0.6969045120671565,
            0.021911721014667967
          ],
          "0.8": [
            0.6819167541098288,
            0.05236067331036418
          ],
          "0.9": [
            0.6890346274921302,
            0.03210728584851422
          ]
        },
        "4": {
          "0.1": [
            0.74534802378454,
            0.04113038196621011
          ],
          "0.2": [
            0.7235746764603007,
            0.0460612995614889
          ],
          "0.3": [
            0.7039699195522912,
            0.05154912271675367
          ],
          "0.4": [
            0.6821441063308848,
            0.054456818395097
          ],
          "0.5": [
            0.6731374606505772,
            0.053507156015877605
          ],
          "0.6": [
            0.6718607904861839,
            0.03729009924617612
          ],
          "0.7": [
            0.659251486533753,
            0.047563691750865715
          ],
          "0.8": [
            0.6729975515914657,
            0.028776937456137748
          ],
          "0.9": [
            0.6732249038125219,
            0.02775443756138605
          ]
        },
        "5": {
          "0.1": [
            0.7875306051066807,
            0.03264781060832599
          ],
          "0.2": [
            0.7783840503672612,
            0.026042540877162366
          ],
          "0.3": [
            0.7522385449457851,
            0.024475095786366505
          ],
          "0.4": [
            0.7250087443161941,
            0.040959646491905845
          ],
          "0.5": [
            0.700384749912557,
            0.04082281369711379
          ],
          "0.6": [
            0.6880202868135713,
            0.038065441647965256
          ],
          "0.7": [
            0.6775795732773697,
            0.06073951835878982
          ],
          "0.8": [
            0.6860265827212311,
            0.030615003646367718
          ],
          "0.9": [
            0.6904337180832459,
            0.01694763982547851
          ]
        },
        "6": {
          "0.1": [
            0.8211262679258482,
            0.012591766740413866
          ],
          "0.2": [
            0.8039874081846798,
            0.025062229244147038
          ],
          "0.3": [
            0.7908534452605808,
            0.014305327143707589
          ],
          "0.4": [
            0.7467121371108778,
            0.04554545229908588
          ],
          "0.5": [
            0.7195872682756208,
            0.04438745821951883
          ],
          "0.6": [
            0.7040223854494577,
            0.0296234099808256
          ],
          "0.7": [
            0.683490731024834,
            0.0345728456139136
          ],
          "0.8": [
            0.6813571178733824,
            0.03984975909310988
          ],
          "0.9": [
            0.6836481287163345,
            0.03855356614574327
          ]
        },
        "7": {
          "0.1": [
            0.826145505421476,
            0.024102539776033962
          ],
          "0.2": [
            0.8194473592165095,
            0.024182826573557154
          ],
          "0.3": [
            0.8172612801678908,
            0.01880112576083885
          ],
          "0.4": [
            0.7887373207415179,
            0.015128223003205694
          ],
          "0.5": [
            0.7493004547044422,
            0.02693467986931375
          ],
          "0.6": [
            0.7091465547394193,
            0.047464190188665434
          ],
          "0.7": [
            0.685694298705841,
            0.04188845453407493
          ],
          "0.8": [
            0.6587967820916404,
            0.04576544871296572
          ],
          "0.9": [
            0.6595313046519762,
            0.045324165387883024
          ]
        },
        "8": {
          "0.1": [
            0.8342952081147252,
            0.010693337002315093
          ],
          "0.2": [
            0.8280342777194823,
            0.01798526227296487
          ],
          "0.3": [
            0.819534802378454,
            0.016959546593028025
          ],
          "0.4": [
            0.8029905561385099,
            0.031837117415748996
          ],
          "0.5": [
            0.7798006295907659,
            0.012807948911503454
          ],
          "0.6": [
            0.737058412032179,
            0.03337482237012675
          ],
          "0.7": [
            0.7058586918502973,
            0.03354714029474748
          ],
          "0.8": [
            0.6774746414830359,
            0.03515056751830574
          ],
          "0.9": [
            0.6834382651276674,
            0.02849321175625505
          ]
        }
      }
    },
    "citeseer": {
      "gcn": {
        "1": {
          "0.1": [
            0.5819310897435896,
            0.024156527631060114
          ],
          "0.2": [
            0.6169471153846153,
            0.027425890116025607
          ],
          "0.3": [
            0.6238782051282051,
            0.02546438555685758
          ],
          "0.4": [
            0.6333733974358976,
            0.02092055981561797
          ],
          "0.5": [
            0.6409054487179486,
            0.019319913910055234
          ],
          "0.6": [
            0.6453124999999998,
            0.017481956348439312
          ],
          "0.7": [
            0.6534054487179487,
            0.01914917418746736
          ],