{
  "cora": {
    "1": [
      127.66666666666667,
      33.298982300097734,
      30.8,
      10.309865825185764
    ],
    "2": [
      1142.3333333333333,
      61.377701343584235,
      466.2,
      28.55801113523139
    ],
    "3": [
      5835.8,
      111.9015638854078,
      3015.133333333333,
      45.34220501426408
    ],
    "4": [
      10287.666666666666,
      106.89319695638052,
      7701.8,
      56.952260710177256
    ],
    "5": [
      10919.2,
      60.97781017167912,
      10105.2,
      28.2399244569339
    ],
    "6": [
      10607.2,
      22.74847980268865,
      10459.4,
      12.828613850815424
    ],
    "7": [
      10541.6,
      9.127248581399911,
      10516.066666666668,
      7.348166815985845
    ],
    "8": [
      10543.066666666668,
      7.672171936435094,
      10539.266666666666,
      7.1271000803661755
    ]
  },
  "citeseer": {
    "1": [
      32.733333333333334,
      15.43574495196854,
      5.4,
      4.004996878900157
    ],
    "2": [
      728.2666666666667,
      46.60967949066183,
      239.6,
      17.33128192989005
    ],
    "3": [
      5467.266666666666,
      136.72988781616925,
      2248.4,
      53.29515300037456
    ],
    "4": [
      9332.533333333333,
      134.42512992575294,
      5964.866666666667,
      61.97780964900978
    ],
    "5": [
      9745.733333333334,
      149.5439586060084,
      8553.733333333334,
      103.5770030245882
    ],
    "6": [
      9247.8,
      21.892768973643637,
      9024.0,
      14.706007842601835
    ],
    "7": [
      9107.866666666667,
      12.898923297012901,
      9070.733333333334,
      9.359249732513582
    ],
    "8": [
      9095.066666666668,
      3.749962962780063,
      9090.2,
      3.590728802532062
    ]
  },
  "lastfm": {
    "1": [
      123.73333333333333,
      15.446538627004935,
      62.06666666666667,
      12.759136160240454
    ],
    "2": [
      7201.666666666667,
      107.1199742759906,
      4513.266666666666,
      80.35501782022631
    ],
    "3": [
      33483.46666666667,
      225.07831723399943,
      22162.733333333334,
      99.81514024546688
    ],
    "4": [
      53424.4,
      288.694717651709,
      41613.0,
      125.46207926434718
    ],
    "5": [
      57084.066666666666,
      114.19805407954881,
      52120.666666666664,
      73.10874700669468
    ],
    "6": [
      56072.2,
      57.79354058485543,
      54951.2,
      27.464401201069958
    ],
    "7": [
      55600.13333333333,
      26.887089012303946,
      55405.066666666666,
      20.42699738635667
    ],
    "8": [
      55559.4,
      10.931910476520866,
      55530.13333333333,
      11.194443065894594
    ]
  },
  "facebook": {
    "1": [
      1952.8,
      55.85600534708272,
      1426.0666666666666,
      45.15597659471249
    ],
    "2": [
      41772.666666666664,
      255.86055229796995,
      28639.0,
      145.3361620519821
    ],
    "3": [
      191813.8,
      614.3441706405295,
      134368.66666666666,
      333.4671731303631
    ],
    "4": [
      319775.93333333335,
      499.1997551637577,
      249018.13333333333,
      333.4182291890406
    ],
    "5": [
      344881.0,
      288.5031484519132,
      311397.93333333335,
      189.3536256731187
    ],
    "6": [
      343846.0,
      216.97127306012962,
      334929.93333333335,
      106.7101786252006
    ],
    "7": [
      341888.0,
      73.61340457643114,
      340214.8,
      56.45907072089185
    ],
    "8": [
      341424.4666666667,
      39.86872904364466,
      341140.93333333335,
      27.52324270301174
    ]
  }
}