{
  "cora": {
    "1": [
      0.004196335794404149,
      5.882161857528063e-05,
      0.0047253174030009015
    ],
    "2": [
      0.0030118153740962346,
      2.559934102999347e-05,
      0.0038021268564720975
    ],
    "3": [
      0.002001027553342283,
      1.4331442670668922e-05,
      0.0034943966742958295
    ],
    "4": [
      0.0009430069942027331,
      7.960984233350677e-06,
      0.003340531583207696
    ],
    "5": [
      0.00029668996673232564,
      6.066940177936613e-06,
      0.0032482125285548153
    ],
    "6": [
      7.289592249435373e-05,
      2.5611170386860633e-06,
      0.003186666492119562
    ],
    "7": [
      1.8946540391577096e-05,
      1.5023918524486368e-06,
      0.003142705037522952
    ],
    "8": [
      5.7946179670883185e-06,
      7.842284450435037e-07,
      0.003109733946575495
    ]
  },
  "citeseer": {
    "1": [
      0.0028569350174317758,
      4.197874790729505e-05,
      0.003147820353712631
    ],
    "2": [
      0.0020745498205845554,
      2.382161597120336e-05,
      0.0023963926410585884
    ],
    "3": [
      0.0014388276458097001,
      1.0608369677275763e-05,
      0.002145916736840574
    ],
    "4": [
      0.0007206008769571782,
      6.376017243055287e-06,
      0.002020678784731567
    ],
    "5": [
      0.00023548960937963176,
      3.833667912420774e-06,
      0.0019455360134661627
    ],
    "6": [
      5.781289146398194e-05,
      2.043818001746918e-06,
      0.00189544083262256
    ],
    "7": [
      1.4522953066868165e-05,
      1.0008764743551942e-06,
      0.0018596585605914152
    ],
    "8": [
      4.249454089707191e-06,
      6.988931766682805e-07,
      0.0018328218565680564
    ]
  },
  "lastfm": {
    "1": [
      0.0023305448858688274,
      1.2952212940018534e-05,
      0.0025693425191778544
    ],
    "2": [
      0.001837789942510426,
      8.426873296231864e-06,
      0.002241430661885095
    ],
    "3": [
      0.0012231987163734933,
      4.9997329216998526e-06,
      0.0021321267094541745
    ],
    "4": [
      0.0006002224516123533,
      2.7372572351699593e-06,
      0.0020774747332387147
    ],
    "5": [
      0.00021344523653776075,
      1.5869262074576573e-06,
      0.002044683547509439
    ],
    "6": [
      5.847201112677188e-05,
      6.813947085008419e-07,
      0.002022822757023255
    ],
    "7": [
      1.4809389873941352e-05,
      4.813495624833464e-07,
      0.002007207906675981
    ],
    "8": [
      4.159583590990224e-06,
      2.1374014496954112e-07,
      0.001995496768915525
    ]
  },
  "facebook": {
    "1": [
      0.0014808720132956901,
      4.6167566960329395e-06,
      0.00157654700159972
    ],
    "2": [
      0.00123863232244427,
      1.8489209060644516e-06,
      0.0014652875445458702
    ],
    "3": [
      0.0008643548043134312,
      1.2400548277475768e-06,
      0.0014282010588612538
    ],
    "4": [
      0.0004481852112803608,
      7.683868352834197e-07,
      0.0014096578160189455
    ],
    "5": [
      0.00017338746887010832,
      3.6012101123925937e-07,
      0.0013985318703135605
    ],
    "6": [
      5.283964164846111e-05,
      2.819427916475104e-07,
      0.0013911145731766372
    ],
    "7": [
      1.4030697760366214e-05,
      1.6010811052367414e-07,
      0.0013858165037931205
    ],
    "8": [
      3.936434988342323e-06,
      6.52447261737461e-08,
      0.0013818429517554831
    ]
  }
}