{
  "rr": {
    "cora": {
      "1": [
        0.26887475947539013,
        0.00016021070128795732
      ],
      "2": [
        0.11918520530064901,
        0.00013220405352611127
      ],
      "3": [
        0.04742810055613518,
        6.913298087321598e-05
      ],
      "4": [
        0.0179732754205664,
        4.868798499962682e-05
      ],
      "5": [
        0.006702145483965675,
        3.1377461015188875e-05
      ],
      "6": [
        0.002472387122300764,
        2.102869614395397e-05
      ],
      "7": [
        0.000910026824567467,
        1.0592712246345157e-05
      ],
      "8": [
        0.0003352440961558993,
        7.556282418257485e-06
      ]
    },
    "citeseer": {
      "1": [
        0.2688157926003138,
        0.00012503204184840627
      ],
      "2": [
        0.11913512373963991,
        9.961640995368846e-05
      ],
      "3": [
        0.047408969203631086,
        5.5476952672447374e-05
      ],
      "4": [
        0.017972567242880662,
        3.973738406905133e-05
      ],
      "5": [
        0.006686437486981352,
        2.7336848418195142e-05
      ],
      "6": [
        0.002473641955293715,
        1.7595619015547337e-05
      ],
      "7": [
        0.0009094436226102213,
        8.76511814723757e-06
      ],
      "8": [
        0.00033364264430322995,
        6.3335049023023355e-06
      ]
    },
    "lastfm": {
      "1": [
        0.26890890796979267,
        6.56364354285289e-05
      ],
      "2": [
        0.11918583487470945,
        4.404788703597318e-05
      ],
      "3": [
        0.04742070734500885,
        2.3450439031462217e-05
      ],
      "4": [
        0.01798024643212557,
        1.9370935778053854e-05
      ],
      "5": [
        0.006691789394244552,
        9.598821157628035e-06
      ],
      "6": [
        0.0024739338473106424,
        7.36634662622954e-06
      ],
      "7": [
        0.0009115548358143618,
        3.992432095933694e-06
      ],
      "8": [
        0.0003349271583526085,
        2.0670615075908426e-06
      ]
    },
    "facebook": {
      "1": [
        0.2689274221658707,
        1.779498034024018e-05
      ],
      "2": [
        0.11919662108023961,
        1.2117152417797218e-05
      ],
      "3": [
        0.04742591343820095,
        8.099329839464616e-06
      ],
      "4": [
        0.017985723540186883,
        6.221311653446746e-06
      ],
      "5": [
        0.006692095737283428,
        3.896194895921904e-06
      ],
      "6": [
        0.002472451127444704,
        2.0506520477745235e-06
      ],
      "7": [
        0.0009116479525497804,
        1.019887502224227e-06
      ],
      "8": [
        0.00033568765987486887,
        8.925728240005972e-07
      ]
    }
  },
  "ldpgcn": {
    "cora": {
      "1": [
        0.0029834647197276355,
        0.0004965271408059806
      ],
      "2": [
        0.0027333623108764487,
        0.0002438880111722947
      ],
      "3": [
        0.0023639770147080223,
        0.00011570640277301411
      ],
      "4": [
        0.001514278018536667,
        4.8873926079098204e-05
      ],
      "5": [
        0.0007554071761357288,
        2.6159271678434054e-05
      ],
      "6": [
        0.0003508306059908743,
        2.5828587604419926e-05
      ],
      "7": [
        0.00016430156101705508,
        3.695361812793814e-05
      ],
      "8": [
        8.531899172036598e-05,
        3.0133221310381036e-05
      ]
    },
    "citeseer": {
      "1": [
        0.0015814056775222223,
        0.0003166798088663857
      ],
      "2": [
        0.0015585910528898238,
        0.00020908955779477736
      ],
      "3": [
        0.0014598943525925279,
        0.00011515079568685956
      ],
      "4": [
        0.001020574525076275,
        4.131184365278002e-05
      ],
      "5": [
        0.0005405401151316861,
        1.806935133172163e-05
      ],
      "6": [
        0.0002524002173837895,
        1.2831702824037382e-05
      ],
      "7": [
        0.00012046935177446964,
        2.0694915422583607e-05
      ],
      "8": [
        6.099355693246859e-05,
        2.1145850753922034e-05
      ]
    },
    "lastfm": {
      "1": [
        0.0019188200201218327,
        0.00022563754019833853
      ],
      "2": [
        0.0018590733137292166,
        7.77688564817954e-05
      ],
      "3": [
        0.0016674656653776765,
        4.4369988829794937e-05
      ],
      "4": [
        0.0011493821007510026,
        1.2511061400467765e-05
      ],
      "5": [
        0.0005865149219365169,
        6.070358319606579e-06
      ],
      "6": [
        0.0002656349892883251,
        4.340658967472954e-06
      ],
      "7": [
        0.00011705730939866043,
        6.092355998308966e-06
      ],
      "8": [
        5.102303972914039e-05,
        4.491884152142426e-06
      ]
    },
    "facebook": {
      "1": [
        0.0013543077472907802,
        5.9162857554009846e-05
      ],
      "2": [
        0.0013246758064876,
        2.9188738639882622e-05
      ],
      "3": [
        0.0012070181275097033,
        1.5635037765220755e-05
      ],
      "4": [
        0.0008972173964139074,
        7.934020632467144e-06
      ],
      "5": [
        0.0004781623526165883,
        3.424617603823993e-06
      ],
      "6": [
        0.00021889536728849634,
        1.3157082989451066e-06
      ],
      "7": [
        9.525961892601724e-05,
        9.838277704037206e-07
      ],
      "8": [
        4.082755015891356e-05,
        7.055217628196325e-07
      ]
    }
  }
}